Word,Frequency
пройти,15243
смочь,5704
ждать,5553
посетить,5125
посвятить,4994
приглашать,4774
принять,4753
состояться,4468
работать,4301
провести,4078
желать,3582
рассказать,3530
проходить,3289
открыть,3284
представить,3167
подготовить,3139
приурочить,2523
присоединиться,2374
увидеть,2294
найти,2255
получить,2223
сделать,2217
организовать,2130
отмечаться,2121
узнать,2028
готовить,1846
познакомиться,1831
узнавать,1740
следить,1679
сказать,1569
посмотреть,1487
создать,1477
купить,1400
показать,1373
начаться,1366
продлить,1328
проводить,1319
рассказывать,1247
отметить,1228
превратиться,1221
предлагать,1213
участвовать,1172
знать,1124
стартовать,1100
действовать,1075
являться,1046
проводиться,1039
выступить,1034
ночьмузеев2023,1032
смотреть,995
принимать,965
появиться,963
побывать,943
делать,934
запланировать,930
приобрести,910
начать,886
открыться,866
выбрать,853
собрать,850
сообщить,808
поделиться,805
говорить,803
ознакомиться,795
прийти,788
ходить,780
попасть,774
любить,774
поучаствовать,773
отмечать,772
читать,761
открывать,759
идти,756
помочь,750
связать,741
напомнить,712
предложить,712
оставить,705
сообщать,702
жить,690
пойти,672
благодарить,666
давать,657
представлять,641
рисовать,632
ожидать,628
познакомить,615
написать,613
завершиться,601
играть,600
приходить,593
показывать,591
присоединяться,580
остаться,577
видеть,568
решить,561
попробовать,548
отправиться,547
звучать,537
объявить,537
раскрыть,536
послушать,535
сходить,531
посещать,525
создавать,523
ограничить,523
стоить,522
объединить,496
услышать,491
передать,488
начинать,486
совершить,474
планировать,474
окунуться,472
делиться,468
прозвучать,467
подарить,456
требоваться,453
включать,450
записаться,445
исполнить,441
приходите,440
разместить,438
вспомнить,437
позволить,432
разыгрывать,422
оказаться,419
закрыть,414
подписаться,405
поставить,403
успеть,402
выполнить,400
вести,393
осмотреть,393
поддержать,390
писать,387
пригласить,386
пропустить,383
подвести,377
обратить,376
научиться,373
храниться,373
приготовить,372
использовать,371
научить,366
хотеться,359
выступать,358
предоставить,353
собирать,352
заниматься,347
запустить,346
встретить,344
начинаться,344
выбирать,340
проверить,340
понравиться,340
напоминать,338
предстоять,336
дать,334
становиться,333
помогать,332
продемонстрировать,331
опубликовать,331
направить,329
происходить,327
привлечь,326
получать,326
служить,326
установить,324
завершить,316
вернуться,313
управлять,311
войти,310
погрузиться,310
получиться,302
входить,300
забыть,300
собраться,297
пользоваться,295
продлиться,294
выйти,294
выходить,290
ответить,290
проявить,287
взять,286
устроить,284
объединять,282
позволять,282
надеяться,277
готовиться,274
поддерживать,273
сохранять,270
ожить,268
учиться,267
слушать,266
подрастать,265
встречать,263
изготовить,263
приехать,262
встречаться,262
располагаться,262
уходить,260
поздравлять,260
называть,260
удаться,260
думать,256
рассчитать,255
продолжать,254
состоять,253
занять,253
зарегистрироваться,253
родиться,252
наполнить,249
начнётся,249
насладиться,246
построить,245
ждём,244
составлять,243
подписать,241
рекомендовать,240
обрести,234
разработать,232
нравиться,232
считать,231
составить,231
сохранить,227
сыграть,225
изучать,223
оценить,221
хранить,220
прогуляться,219
продолжаться,219
поиграть,219
добавить,217
присутствовать,216
включить,216
обновить,214
пожаловать,213
назвать,212
заглянуть,211
выражать,210
сфотографироваться,210
воссоздать,208
продолжить,207
петь,206
знакомиться,205
закончиться,204
обращать,204
бывать,202
прикоснуться,202
подписываться,200
заказать,199
основать,199
уйти,196
понять,196
обещать,193
запечатлеть,192
внести,192
занимать,191
просить,191
вырасти,190
встретиться,189
почувствовать,189
исполнять,189
вызвать,188
значить,187
мечтать,184
танцевать,184
разгадать,184
собираться,183
демонстрировать,183
знакомить,182
помнить,182
называться,181
принадлежать,179
полюбоваться,179
запускать,178
относиться,178
интересоваться,178
опросить,178
обучаться,177
вспоминать,172
украсить,172
оставаться,171
открываться,169
реализовать,168
считаться,168
приступить,168
спать,166
гулять,166
разыграть,166
оживать,165
снять,164
стоять,164
искать,164
творить,164
объявлять,164
существовать,163
принести,162
дарить,162
отправить,162
понимать,161
приобщиться,161
вручить,160
отражать,160
сложиться,159
развивать,158
распахнуть,157
отвечать,157
наградить,157
сопровождать,156
произойти,155
разделить,154
курсировать,153
планироваться,152
следовать,152
носить,152
удивить,151
порадовать,151
воспользоваться,149
продолжиться,149
задать,149
обнаружить,148
строить,148
пить,148
говориться,147
меняться,147
использоваться,147
брать,144
возникнуть,144
скрыть,144
указать,143
изобразить,143
прийтись,142
признать,142
развернуться,142
присвоить,141
интересовать,141
пытаться,140
рассматривать,140
презентовать,140
позвонить,139
предоставляться,139
реализоваться,138
обеспечить,138
создаваться,137
наслаждаться,137
пробовать,137
подходить,136
сообщаться,136
радовать,134
стараться,133
экспонироваться,133
поздравить,133
отправляться,133
пообщаться,132
переходить,132
охватить,132
иконопись,132
осуществляться,131
привлекать,130
спросить,130
звоните,130
публиковать,130
решать,130
подчеркнуть,130
бояться,128
отличаться,128
расписывать,128
расположиться,127
нести,127
заметить,126
передавать,126
подойти,126
живопись,125
обсудить,124
определить,124
спеть,124
придумать,123
расписать,123
забрать,123
увлекательных,123
устраивать,122
измениться,122
задействовать,122
развиваться,121
оказать,120
тратить,120
достигнуть,119
раскрывать,119
примерить,119
оказываться,118
выглядеть,118
приоткрыть,118
заняться,118
выделить,117
познакомитесь,117
прочитать,117
обойтись,117
гордиться,116
появляться,115
выручить,113
привезти,112
поговорить,111
учить,110
уважаемые,109
разрешить,109
выполнять,109
забывать,109
постараться,109
порадует,109
оформить,108
задавать,108
повторить,108
приносить,107
заявить,107
случиться,106
завершаться,106
захватывать,106
побывают,106
слышать,105
ожидаться,105
украшать,105
пережить,105
уточнить,105
погрузит,104
поехать,104
роспись,104
окружать,103
выразить,103
захотеть,103
пишите,103
прожить,103
обратиться,103
подобрать,102
сопрано,102
разместиться,102
приезжать,101
оплачиваться,101
проживать,100
повести,100
вестись,100
перейти,99
обсуждать,98
оплатить,98
способствовать,97
сохраниться,97
поступить,96
выставить,96
обучать,96
предлагаться,96
приобретать,95
уметь,95
вызывать,95
стремиться,95
удивлять,95
завораживать,94
сменить,93
снимать,93
заходить,93
представиться,93
созвучная,93
раскрасить,92
дополнять,92
учредить,92
обращаться,91
упустить,91
найтись,90
иметься,90
лечить,89
обитать,89
соблюдать,89
лежать,88
праздноваться,88
поблагодарить,88
гореть,88
приниматься,88
заинтересовать,87
перенести,87
зайти,86
находить,86
смастерить,86
царить,86
сопровождаться,85
общаться,85
изучить,85
покупать,85
приближаться,85
развлекать,85
привести,84
ехать,84
ездить,83
менять,83
отдавать,83
отдыхать,82
полюбиться,82
сидеть,82
забронировать,82
сражаться,82
пополнить,82
приглашаться,82
старейшего,82
отдохнуть,81
чувствовать,80
ночьмузееврб2023,80
обновляться,79
пустить,79
раскроют,79
посвящается,78
впечатлять,77
освоить,77
отправлять,77
организуются,77
дополняться,77
приобретаться,77
наблюдать,76
оставлять,76
садовая,76
нарисовать,76
мастерить,76
родить,76
ограничиваться,76
ощутить,75
пройтись,75
удивиться,75
окончить,75
взглянуть,75
расти,75
требовать,75
таить,75
убедиться,74
порисовать,74
побываете,74
подать,73
изготавливать,73
удмуртиязаряжает,73
исполняться,72
нажать,72
объяснить,72
добавлять,72
закрепить,72
прилегать,72
формироваться,72
попадать,71
завершать,71
длиться,71
возвращаться,70
победить,70
украсть,70
предусмотреть,70
разыграем,70
углубить,70
повезти,70
бросать,69
заканчиваться,69
расширить,69
рассмотреть,69
спешим,69
проследить,69
подъемна,69
выиграть,68
защищать,68
набирать,68
интереснейшую,68
создававших,68
скачали,68
улетать,68
посвшениеосновной,68
содержать,67
согласиться,67
восстановить,67
заполнить,67
славиться,67
увлечь,67
ищите,67
выпустить,67
созидать,67
суметь,66
печатать,66
скачать,66
исследовать,66
сниматься,66
попытаться,65
публиковаться,65
погибнуть,65
позвать,65
гарантировать,65
охранять,64
вносить,64
ремесла,64
оказывать,63
впечатлить,63
ценить,63
развернуть,63
поделись,63
удалять,63
пожелать,63
хватить,63
прославить,63
оценивать,63
лидировать,63
перестать,62
волновать,62
примете,62
получаться,61
отреставрировать,61
ставить,61
изменить,61
соответствовать,61
прокомментировать,61
прогуливаться,61
дополнить,61
познавать,61
окунутся,61
отдать,60
насчитывать,60
подтверждать,60
поведать,60
насчитываться,60
совершать,60
шагнуть,60
уделить,59
продавать,59
увеличить,59
спешите,59
чаровать,59
повествовать,59
перевернутся,59
обойти,58
обеспечивать,58
почитать,58
исполниться,58
присоединялись,58
сравнить,58
знатных,58
уехать,57
верить,57
удивляться,57
справиться,57
предоставлять,57
оцениваться,57
пояснить,57
совпадать,57
посвящаться,57
любоваться,56
хватать,56
прибыть,56
прошёл,56
вышивать,56
благоустроить,56
сделайте,56
вкладывать,56
оплачиваются,56
означать,55
поднять,55
положить,55
записать,55
здравствовать,55
навести,55
весна2023,55
выделять,55
ископаемом,55
праздновать,54
подпишитесь,54
посидеть,54
рождаться,54
выдаться,54
зависеть,54
выбраться,54
гадать,54
двигаться,53
касаться,53
летать,53
угостить,53
воспарять,53
уточняться,53
уточнять,52
фортепиано,52
потрясать,52
останавливаться,52
вдохновлять,52
испытать,52
умереть,52
дойти,52
превращаться,52
закончить,51
познакомимся,51
повлиять,51
увлекаться,51
равнодушен,51
окунитесь,51
свидетельствовать,50
надоесть,50
соединять,50
заключаться,50
успевать,50
возродить,50
выдающемся,50
поднимать,49
перемещаться,49
спасти,49
набрать,49
зарегистрировать,49
опуститься,49
соприкоснуться,49
прогуляйся,49
успейте,48
трудиться,48
звонить,48
звать,48
понадобиться,48
анонсировать,48
торопиться,48
шагать,48
выковать,48
сдавать,47
востребовать,47
проехать,47
разгадывать,47
организовывать,47
подняться,47
освещать,47
разворачиваться,47
прикольные,47
услышите,47
удержать,47
обменяться,46
восхищаться,46
кормить,46
проникнуться,46
испытывать,46
осознать,46
взлетать,46
приветствовать,46
прослушать,46
прочесть,46
зарубежный,46
опускаться,46
влиять,45
превратить,45
переживать,45
покинуть,45
воплотить,45
прошептать,45
глядеть,45
ловить,45
доставить,45
потрогать,45
скучать,45
потерять,45
увлекательной,45
выдаваться,45
осуществить,45
эвакуировать,45
вдохновиться,45
погулять,45
наслаждаемся,45
пёрышко,45
поиграем,45
берите,45
функционировать,44
показаться,44
заведовать,44
раздавать,44
разрушить,44
описать,44
погружать,44
призвать,44
занимательные,44
продлевать,44
подумать,44
познать,44
затрудниться,44
поразит,44
складываться,43
опустить,43
наступить,43
затронуть,43
выкладывать,43
перекрыть,43
волноваться,43
бронировать,43
заставить,43
делаться,43
воспретить,43
нарушить,43
прислать,43
устраиваться,43
ближайшую,43
обладать,42
произвести,42
радоваться,42
трогать,42
сформировать,42
забросить,42
остановиться,42
рассказываться,42
возникать,42
рефлексировать,42
запомнится,42
предполагать,42
утверждать,42
охватывать,42
советовать,42
нить,42
призывать,42
продегустировать,42
пускать,42
вовлечься,42
привязать,42
преобразить,42
пригласительного,42
помешать,41
покорить,41
удаваться,41
завоевать,41
скрывать,41
поработать,41
шить,41
оживить,41
ассоциироваться,41
заглядывать,41
заменить,40
присылать,40
насытить,40
сотрудничать,40
обретать,40
запретить,40
покататься,40
расширять,40
прочувствовать,40
захотеться,40
проявлять,40
вмещать,40
наблюдаться,40
сталкиваться,40
изображать,40
расслаблять,40
